Sanctuary Name,Imageurl,Country,State/Region
Santuario Igualdad Interespecie,https://encrypted-tbn0.gstatic.com/images?q=tbn:ANd9GcSZ-lMdTwbtK01-8f0Aw_eR_kuZmSKNuK04rQ&s,Spain,N/A
Warrawong Wildlife Sanctuary,https://upload.wikimedia.org/wikipedia/en/1/14/Warrawong_Wildlife_Sanctuary_Logo.png,Australia,New South Wales
The Donkey Sanctuary of Canada,https://encrypted-tbn0.gstatic.com/images?q=tbn:ANd9GcQWHVz3jFzEa1KiWGFejodqDv_JrscBUst7Lg&s,Canada,Ontario
Fauna Foundation,https://pbs.twimg.com/profile_images/1100698538/Logo_Profile.gif,Canada,Quebec
George C. Reifel Migratory Bird Sanctuary,https://encrypted-tbn0.gstatic.com/images?q=tbn:ANd9GcSC78r9WK_rDtcPJKX42I5WmAvmJf2lPS5Fww&s,Canada,British Columbia
North Mountain Animal Sanctuary,https://encrypted-tbn0.gstatic.com/images?q=tbn:ANd9GcQGX8zNiofENdlCGnXmZm5IM7_lRUlMI3rH6Q&s,USA,Virginia
RAPS Cat Sanctuary,https://encrypted-tbn0.gstatic.com/images?q=tbn:ANd9GcSsOnBlomdBqrG8jPiWkWyYE1tithnpH-wgBw&s,Canada,British Columbia
Wohlfühlhof Zeh,https://encrypted-tbn0.gstatic.com/images?q=tbn:ANd9GcQ0NJj2QZNjFhEDAp3NQrgHvjX3ylqAGVb1iQ&s,Germany,N/A
Italian Horse Protection Association,https://upload.wikimedia.org/wikipedia/commons/0/05/IHPlogo.jpg,Italy,N/A
Comunidad Inti Wara Yassi,https://dynamic-media-cdn.tripadvisor.com/media/photo-o/04/c1/4e/5a/getlstd-property-photo.jpg?w=1200&h=-1&s=1,Bolivia,N/A
Bhadra Wildlife Sanctuary,https://encrypted-tbn0.gstatic.com/images?q=tbn:ANd9GcQ2Kcsnn7B_WkCGUACqI-KkdcB41XK4rJEm4Q&s,India,Karnataka
Bandhavgarh National Park,https://bandhavgarhtigerreserve.org/public/assets/images/BTR-Logo.png,India,Madhya Pradesh
Bandipur National Park,"https://ih1.redbubble.net/image.4696498309.1754/raf,360x360,075,t,fafafa:ca443f4786.jpg",India,Karnataka
Bhindawas Wildlife Sanctuary,https://static2.tripoto.com/media/filter/tst/img/838133/TripDocument/1629219484_bhindawas_2.jpg,India,Haryana
Chinnar Wildlife Sanctuary,https://encrypted-tbn0.gstatic.com/images?q=tbn:ANd9GcR2m-5_d9QLCKyqzsEVgoMko4P023-1hNkdwg&s,India,Kerala
Dandeli Wildlife Sanctuary,https://dandelibigcatsresortandadventure.com/wp-content/uploads/2024/02/Frame-23.png,India,Karnataka
Dudhwa National Park,https://www.dudhwasafari.com/images/dudhwaoffice.jpg,India,Uttar Pradesh
Gir National Park and Sasan Gir Sanctuary,https://encrypted-tbn0.gstatic.com/images?q=tbn:ANd9GcRJVB-nQTsFMSxIvJzO-Im70xhStTKvDsCsZw&s,India,Gujarat
The Great Himalayan National Park,https://encrypted-tbn0.gstatic.com/images?q=tbn:ANd9GcQxbhu0x9QdJBCALAORZvKwk6RfJN9d5WXz0w&s,India,Himachal Pradesh
Hemis National Park,https://encrypted-tbn0.gstatic.com/images?q=tbn:ANd9GcRcm67CnmjALwldR-y6BslwQ61UV0KursATuQ&s,India,Ladakh
Jim Corbett National Park,https://play-lh.googleusercontent.com/soCd2-4kIkzNqQwn2ngtqq5I-_oh_Obm9ZDEH-izoSUPmK9C9W4nJzzQ4FVZ2eL3pmI,India,Uttarakhand
Kanha National Park,https://kanha.nationalpark.co.in/images/kanhalogoimg.jpg,India,Madhya Pradesh
Kaziranga National Park,https://encrypted-tbn0.gstatic.com/images?q=tbn:ANd9GcTho3DFPuLlDkdTOvNB1ZWNXKZfXe5ig-jpEg&s,India,Assam
Keoladeo Ghana National Park,https://karansguesthouse.wordpress.com/wp-content/uploads/2013/11/knp.jpg,India,Rajasthan
Manas National Park,https://encrypted-tbn0.gstatic.com/images?q=tbn:ANd9GcRGdV5p4WmqFCcbzPCHW3bz8JvJiHkefH2ilQ&s,India,Assam
Nagarhole National Park,https://nagarhole.org/wp-content/uploads/2024/10/cropped-nagarhole-national-park-logo-transparent-background.png,India,Karnataka
Panna National Park,https://encrypted-tbn0.gstatic.com/images?q=tbn:ANd9GcSqDlA5Pc-8C0KVkiX_Q5JZodGJB0mlvpbRXQ&s,India,Madhya Pradesh
Pench National Park,https://www.penchtiger.org/assets/uploads/media-uploader/pench-logo1658828907.png,India,Madhya Pradesh
Periyar National Park,https://encrypted-tbn0.gstatic.com/images?q=tbn:ANd9GcR4Xf0NqirVhO8Hf31eYl3HWBWiSYbzc_Ay6tn-Y7sIcf9te19PaNEk0YEjUVBTlE7xSEI&usqp=CAU,India,Kerala
Rajaji National Park,https://encrypted-tbn0.gstatic.com/images?q=tbn:ANd9GcTWKcndaDvIa_5uT1aJLNa3pfWz4Es6UG8INQ&s,India,Uttarakhand
Ranthambore National Park,https://ranthamborenationalpark.net/wild/img/xlogo.webp.pagespeed.ic.Vk5VUIcXXP.webp,India,Rajasthan
Sadhana Forest,https://encrypted-tbn0.gstatic.com/images?q=tbn:ANd9GcRRXPN5tKLpjGnESnCGxe_sjx52UnGq9iPG8g&s,India,Tamil Nadu
Sariska National Park,https://sariskapark.com/wp-content/uploads/2024/03/WhatsApp-Image-2024-03-13-at-13.02.30.jpeg,India,Rajasthan
Silent Valley National Park,https://pbs.twimg.com/profile_images/789343266890055681/uDUT5y0h_400x400.jpg,India,Kerala
Sundarbans National Park,https://www.sunderbans-national-park.com/images/logo.png,India/Bangladesh,"West Bengal, Khulna"
Tadoba Andhari Tiger Reserve,https://www.tadobasafaribooking.in/assets/images/tadobalogo.png,India,Maharashtra
David Sheldrick Wildlife Trust,https://upload.wikimedia.org/wikipedia/en/thumb/5/5c/Sheldrick_Wildlife_Trust_logo.jpg/220px-Sheldrick_Wildlife_Trust_logo.jpg,Kenya,Nairobi
Ol Pejeta Conservancy,https://encrypted-tbn0.gstatic.com/images?q=tbn:ANd9GcTQ6TxPTBYuu3t66ySPdcCw2sdY3TkUwPeSxg&s,Kenya,Laikipia County
Tsavo East National Park,"https://ih1.redbubble.net/image.5463698989.9644/st,small,507x507-pad,600x600,f8f8f8.jpg",Kenya,Taita-Taveta County
Tsavo West National Park,https://encrypted-tbn0.gstatic.com/images?q=tbn:ANd9GcSZx2lFcRhtN9haUhNpCYr-hqttgKDlUS_aoA&s,Kenya,Taita-Taveta County
Kota Kinabalu Wetland Centre,https://encrypted-tbn0.gstatic.com/images?q=tbn:ANd9GcSmMfNCFfRzsIa10c2jleEz7JpV_pXS1qvaaQ&s,Malaysia,Sabah
Maungatautari Restoration Project,https://encrypted-tbn0.gstatic.com/images?q=tbn:ANd9GcTQGcMYxd5KJ1P7RKuwV1DCi-Yj1Bnsj6yxUQ&s,New Zealand,Waikato Region
Orokonui Ecosanctuary,https://about.kakadatabase.nz/static/media/orokonui.18ee104c.png,New Zealand,Otago Region
Pukaha / Mount Bruce National Wildlife Centre,https://pukaha.org.nz/wp-content/uploads/2018/11/cropped-pukaha-national-wildlife-centre-512.png,New Zealand,Wairarapa Region
Shakespear Open Sanctuary,https://encrypted-tbn0.gstatic.com/images?q=tbn:ANd9GcQXsje7Xxe9RLCvvdb2qz_nzXyq2J0qUd62bw&s,New Zealand,Auckland Region
Willowbank Wildlife Reserve,https://media.licdn.com/dms/image/v2/C560BAQGMJUD2K5kTTw/company-logo_200_200/company-logo_200_200/0/1636400707194/willowbank_wildlife_reserve_logo?e=2147483647&v=beta&t=GyN0LOg9CI9D3WwXKiJSSc6GId3QlUIb801S5_RZKa8,New Zealand,Canterbury Region
Zealandia,https://encrypted-tbn0.gstatic.com/images?q=tbn:ANd9GcRcRRHqcyE93TLrN0WmBk-J8UsPLApGB2U-6A&s,New Zealand,Wellington Region
Ayubia National Park,https://encrypted-tbn0.gstatic.com/images?q=tbn:ANd9GcTUNjXIlRsV6u9ZvKoXq2s44VTVfPuAcbWDEoj6HutOMrQ8sm-nMOfjB2L78JfhEaZfZ0Q&usqp=CAU,Pakistan,Khyber Pakhtunkhwa
Deosai National Park,https://upload.wikimedia.org/wikipedia/en/d/da/Sign_board_by_Directorate_of_Deosai_National_Park%2C_Skardu.jpg,Pakistan,Gilgit-Baltistan
Haleji Lake,https://encrypted-tbn0.gstatic.com/images?q=tbn:ANd9GcTjh1x2FFf8X9R8KdQb2lVhGoZ1Q81ewQN2ag&s,Pakistan,Sindh
Hingol National Park,https://encrypted-tbn0.gstatic.com/images?q=tbn:ANd9GcQsHX-ifHr6hAK2W3vDOTqVg1VtSGEIyvzH7w&s,Pakistan,Balochistan
Kirthar National Park,https://encrypted-tbn0.gstatic.com/images?q=tbn:ANd9GcQXIT4Ol48NtVQhZWzTpRB0wZOyCdYdBJAHJg&s,Pakistan,"Sindh, Balochistan"
Khunjerab National Park,https://cdn.slidesharecdn.com/ss_thumbnails/khunjerabnationalparkpresentation-220107095242-thumbnail.jpg?width=640&height=640&fit=bounds,Pakistan,Gilgit-Baltistan
Lal Suhanra National Park,https://i.ytimg.com/vi/8_HI7buubL4/maxresdefault.jpg,Pakistan,Punjab
Machiara National Park,https://encrypted-tbn0.gstatic.com/images?q=tbn:ANd9GcR5ijP8Ss6WSi9WsdPNGqp2_XKQaIxoMtlAxA&s,Pakistan,Azad Kashmir
Margalla Hills National Park,https://c8.alamy.com/comp/CWCJP4/margallah-hills-national-park-hiking-trail-number-3-in-islamabad-pakistan-CWCJP4.jpg,Pakistan,Islamabad Capital Territory
Rann of Kutch Wildlife Sanctuary,https://blogger.googleusercontent.com/img/b/R29vZ2xl/AVvXsEgGg-zaIe1UHelnXbbJ9p8lbc_er97D49AU-I6l5K1XJZkHyQywIPulVZ8rn42U0gHJ-FVwd67LZJY8moSBhiIF3xAmhJa8L9CzjhLqNeTuCdSNghRGjKhUwmY1vKeLB9-CUek8iocQgehLhLD8nKmM8229HCHwHXqG-Ilw1T8m-uWk6FAyvFhfBrKiUwQN/w1200-h630-p-k-no-nu/Rann%20of%20Kutch%20Biosphere%20Reserve.jpg,India,Gujarat
Djoudj National Bird Sanctuary,https://www.naturalworldheritagesites.org/wp-content/uploads/2017/06/Djoudj-National-Bird-Sanctuary-Senegal-Location-Map.jpg,Senegal,Saint-Louis Region
Kruger National Park,https://i.pinimg.com/736x/52/c3/49/52c349291d986fd0be05c8e7f934c0a2.jpg,South Africa,"Limpopo, Mpumalanga, KwaZulu-Natal, Eastern Cape"
Sir Bani Yas,https://encrypted-tbn0.gstatic.com/images?q=tbn:ANd9GcQ08PitaQ1kKSDsyzUxa5l3ByIBkEi_4lb0Ng&s,UAE,Abu Dhabi
Ras Al Khor,https://encrypted-tbn0.gstatic.com/images?q=tbn:ANd9GcR4M_h6F9d7PQDoG-oPj9yQ73M3R_r9_eTibg&s,UAE,Dubai
Ziwa Rhino Sanctuary,https://kabiza.com/wp-content/uploads/wio_backup/2019/11/Ziwa-Rhino-sanctuary-trekking-400.jpg,Uganda,Nakasongola
Buttercups Sanctuary for Goats,https://www.buttercups.org.uk/uploads/buttercups_schema-image%28512x512-crop-autorotate%29.png,United Kingdom,Kent
Cornish Seal Sanctuary,https://encrypted-tbn0.gstatic.com/images?q=tbn:ANd9GcSJiZ1UTS6_5waT8pFv_unluTCQR4V37O6ixQ&s,United Kingdom,Cornwall
Ferne Animal Sanctuary,https://secure.discoveradventure.com/media/client-logos/New_Ferne_logo_small.jpg,United Kingdom,Somerset
Hillside Animal Sanctuary,https://assets.isu.pub/document-structure/230712121739-b6b7c84ca2aacb87501fd53ac1943dd6/v1/93be17924ee45f414827ad9caa9d10e7.jpeg?width=720&quality=85%2C50,United Kingdom,Norfolk
Lower Moss Wood Educational Nature Reserve and Wildlife Hospital,https://encrypted-tbn0.gstatic.com/images?q=tbn:ANd9GcSgWZ6IGr-uE0oJJTiU39j3Ekbkj4n1lAlz1g&s,United Kingdom,Cheshire
Monkey World,https://upload.wikimedia.org/wikipedia/en/8/88/Monkey_World_logo.png,United Kingdom,Dorset
Mousehole Wild Bird Hospital and Sanctuary,https://media.licdn.com/dms/image/v2/D4E0BAQGNR9zqk3lV0Q/company-logo_200_200/company-logo_200_200/0/1682945370532/mousehole_wild_bird_hospital_and_sanctuary_association_limited_logo?e=2147483647&v=beta&t=CAHvNzgpmdud8_aDNGnlUxg-ugentEXmbZJdblIuFl4,United Kingdom,Cornwall
Natureland Seal Sanctuary,https://encrypted-tbn0.gstatic.com/images?q=tbn:ANd9GcQtwVQaI6xU9SHaVAudaK9pw4_36G6xS3VKaw&s,United Kingdom,Lincolnshire
Raystede Animal Rescue and Sanctuary,https://upload.wikimedia.org/wikipedia/en/d/dd/Raystede_Animal_Rescue_Logo.png,United Kingdom,East Sussex
Redwings Horse Sanctuary,https://encrypted-tbn0.gstatic.com/images?q=tbn:ANd9GcSYq-R60itWXl3eqDLvqtx6xJ4aSMOeTYw13A&s,United Kingdom,Norfolk
Swan Sanctuary,https://encrypted-tbn0.gstatic.com/images?q=tbn:ANd9GcQVA-7OP3zUL56N1SAuQPv-umLI5udNtxgfqQ&s,United Kingdom,N/A
The Horse Trust,https://horsetrust.org.uk/wp-content/uploads/2022/12/HT-logo-main-logo-black-and-green.jpg,United Kingdom,Buckinghamshire
The Monkey Sanctuary,https://www.wildfutures.org/wp/wp-content/uploads/2009/09/MS-new-logo-300dpi-low-res--300x210.jpg,United Kingdom,Cornwall
Thornberry Animal Sanctuary,https://pbs.twimg.com/profile_images/796383491340595200/iYAV4vn8_400x400.jpg,United Kingdom,South Yorkshire
The Donkey Sanctuary,https://upload.wikimedia.org/wikipedia/en/c/c8/Donkey_Sanctuary_logo.png,United Kingdom,Devon
Assisi Animal Sanctuary,https://encrypted-tbn0.gstatic.com/images?q=tbn:ANd9GcTEofpOkA9O_Lc0T0Z9Rt7RVzCT7I4eav9YKA&s,United Kingdom,N/A
Willows Animal Sanctuary,https://pbs.twimg.com/profile_images/937297281191174144/LHNDxZxQ_400x400.jpg,United Kingdom,N/A
Wales Ape and Monkey Sanctuary,https://encrypted-tbn0.gstatic.com/images?q=tbn:ANd9GcTWmTyITk7oCwhIlzoxnuQU2gM-FgTFEjG6xQ&s,United Kingdom,Wales
Animal Place,https://encrypted-tbn0.gstatic.com/images?q=tbn:ANd9GcRV-vJkGNck93DZ5O7HwJwKgSYTejAVICL3vQ&s,USA,California
Farm Sanctuary,https://farmsanctuary.in/images/slide-logo.png,USA,New York
The Gentle Barn,https://encrypted-tbn0.gstatic.com/images?q=tbn:ANd9GcTTdhUbkto1_S2L-S1s-tYHyZ3ZCu7pH8LLCw&s,USA,California
Mission: Wolf,https://encrypted-tbn0.gstatic.com/images?q=tbn:ANd9GcT1jFk91RikMSi1jUal4kkgxOw5YiateefhmQ&s,USA,Colorado
Westcliffe,https://visitwetmountainvalley.com/wp-content/sabai/File/files/l_2e855cbecc5c63e397cb5779ada7124f.jpeg,USA,N/A
The Wild Animal Sanctuary,https://media.licdn.com/dms/image/v2/C560BAQHgcUYV8IGHwg/company-logo_200_200/company-logo_200_200/0/1631302524263?e=2147483647&v=beta&t=pQcWiLNdH7Q5K8OTw9KaE__kAuMUob-lH1kPnq75hFc,USA,Colorado
Big Cat Rescue,https://upload.wikimedia.org/wikipedia/en/thumb/8/89/Big_Cat_Rescue_logo.png/220px-Big_Cat_Rescue_logo.png,USA,Florida
Forest Animal Rescue by Peace River Refuge & Ranch,https://cdn.greatnonprofits.org/images/logos/FARlogo.jpeg,USA,Florida
Save the Chimps,https://encrypted-tbn0.gstatic.com/images?q=tbn:ANd9GcTJkrjZBGmlp1ATT6CAerg0fZ8yqRnYVDbWiA&s,USA,Florida
Critter Creek Farm Sanctuary,https://encrypted-tbn0.gstatic.com/images?q=tbn:ANd9GcTwcOZT3grdEcRCZzuHYtItRCAtg3wUkQmVhg&s,USA,Florida
Noah's Ark,https://encrypted-tbn0.gstatic.com/images?q=tbn:ANd9GcTvAj11RnlmqMxNkAopnsnA8bcrXnhgmCWw8w&s,USA,Georgia
Farm of the Free,"https://static.wixstatic.com/media/604892_82aa964bc0594bfd912e8af2daa4ef53~mv2_d_2333_2322_s_2.jpg/v1/fit/w_2500,h_1330,al_c/604892_82aa964bc0594bfd912e8af2daa4ef53~mv2_d_2333_2322_s_2.jpg",USA,N/A
Outsider's Farm and Sanctuary,https://encrypted-tbn0.gstatic.com/images?q=tbn:ANd9GcS9xGEVse6DIZIfAM-zh7zaj_qb6H4af4BOzw&s,USA,N/A
Leilani Farm Sanctuary,https://encrypted-tbn0.gstatic.com/images?q=tbn:ANd9GcTjMpLlFwh35rYJ-dxliI2xOWqYPmJh896Uog&s,USA,Hawaii
Black Pine Animal Sanctuary,https://encrypted-tbn0.gstatic.com/images?q=tbn:ANd9GcQ9TmoMcFy1kMM8VwW54GitNG8qhL040rEFmA&s,USA,Indiana
Chimp Haven,https://encrypted-tbn0.gstatic.com/images?q=tbn:ANd9GcQbR6b5hVsm3IrADblJz7_asIB_mVXwSLoF7g&s,USA,Louisiana
Yellowstone Wildlife Sanctuary,https://encrypted-tbn0.gstatic.com/images?q=tbn:ANd9GcQI8uG8qwRleHK2MiVCr6KD9TC45moUxbUs8w&s,USA,Montana
Popcorn Park Zoo,https://encrypted-tbn0.gstatic.com/images?q=tbn:ANd9GcQ6BJSgqaTgHKxcroPcYarrLl0livcZ74RU4A&s,USA,New Jersey
The Raptor Trust,https://images.squarespace-cdn.com/content/v1/65b32c9ef714453b1b011563/99f97233-288f-4291-b86a-dc8a4edb51ef/The+Raptor+Trust.png,USA,New Jersey
Tamerlaine Sanctuary and Preserve,https://encrypted-tbn0.gstatic.com/images?q=tbn:ANd9GcRElczEw8hzwt4AR5camSjn7gyKDI4ctDaXhA&s,USA,New Jersey
Skylands Sanctuary & Animal Rescue,https://i.ebayimg.com/00/s/MzI1WDQ1MQ==/z/AL0AAOSwDoFnRLZd/$_1.JPG?set_id=8800005007,USA,New Jersey
Woodstock Farm Animal Sanctuary,https://static1.squarespace.com/static/5e95a90f1549a70408718441/t/65ce34675cd4ec58dfb817ab/1734443782983/,USA,New York
Arthur's Acres Animal Sanctuary,https://encrypted-tbn0.gstatic.com/images?q=tbn:ANd9GcQghJuC9lbiJuwacykA4C3J48HiskhJPuqUHQ&s,USA,New York
Carolina Tiger Rescue,https://encrypted-tbn0.gstatic.com/images?q=tbn:ANd9GcTkghL5zyZu39QVt8cu1gIIldGu0kZut8cJUg&s,USA,North Carolina
Goathouse Refuge,https://upload.wikimedia.org/wikipedia/en/1/12/Goathouse_Refuge_Logo.png,USA,North Carolina
Blue Barn Farm and Sanctuary,https://encrypted-tbn0.gstatic.com/images?q=tbn:ANd9GcQpRQeE2Wz9yuVY5JZE5EHrjaOHL9c3gqh9Rg&s,USA,New York
Chimps Inc.,https://upload.wikimedia.org/wikipedia/en/e/e8/Chimps-inc-logo.jpg,USA,Oregon
Welcome Home Animal Sanctuary,https://encrypted-tbn0.gstatic.com/images?q=tbn:ANd9GcThShVjlPn-W5NUGl-hTRTwj236I9ijcI-COA&s,USA,N/A
Norman Bird Sanctuary,https://encrypted-tbn0.gstatic.com/images?q=tbn:ANd9GcS4-5O8M0cnlr9RO7OamTf0HA8SD47_WswSgw&s,USA,Rhode Island
The Elephant Sanctuary,https://encrypted-tbn0.gstatic.com/images?q=tbn:ANd9GcSG99jSCRNBl1UELcSoyihMFFBq9ye_un4x7Q&s,USA,Tennessee
Tiger Haven,https://assets.fundraisingstrategies.com/img/clients/logos/tiger-haven-logo-color.png,USA,Tennessee
Old Friends Senior Dog Sanctuary,https://givingmatters.civicore.com/?downloadFile=1&table=organizations&field=logo&check=6550bfcea3eafa207e6fc67da46c5355&key=183&openGraph=1,USA,Kentucky
Bat World Sanctuary,https://encrypted-tbn0.gstatic.com/images?q=tbn:ANd9GcQc9Hzb6A56DbMz24zd91K37-zfHL1kluEmEA&s,USA,Texas
Primarily Primates,https://encrypted-tbn0.gstatic.com/images?q=tbn:ANd9GcQ3Q14NchCQhtXWT7eqzoxrvhJb9uOLTlARZw&s,USA,Texas
Best Friends Animal Society,https://encrypted-tbn0.gstatic.com/images?q=tbn:ANd9GcTRQ5qQq771B41-HaQp4yMQtY20oNwM-oOhwQ&s,USA,Utah
Sentient Sanctuary,https://encrypted-tbn0.gstatic.com/images?q=tbn:ANd9GcRaaeKmgRvdAMp7gQYtfZHol6xq0GLMUqtjKw&s,USA,N/A
Hwange National Park,https://encrypted-tbn0.gstatic.com/images?q=tbn:ANd9GcQFTfgxALesXE1D1FSJRfwV6cSSM2DT1b7Y0w&s,Zimbabwe,Matabeleland North
Animal Rescue League of Boston,https://encrypted-tbn0.gstatic.com/images?q=tbn:ANd9GcTD7j0enmjjCLgnUlBBtjDTGPmo-bGUd7rudg&s,USA,Massachusetts
The Giraffe Center,https://encrypted-tbn0.gstatic.com/images?q=tbn:ANd9GcSZTKCB6AzIwUCvCtpsKmnJfUqzwRfKkY7etQ&s,Kenya,Nairobi
Shambala Preserve,https://encrypted-tbn0.gstatic.com/images?q=tbn:ANd9GcTRlNY1JxWvzmFT-Vs4XUlqX82DofsdTdSFIQ&s,USA,California
Cheetah Conservation Fund,https://encrypted-tbn0.gstatic.com/images?q=tbn:ANd9GcSqAAD1YdUv4NqpT2tDwvSOZegfhgdFVUr60g&s,Namibia,N/A
Sanctuary One,https://encrypted-tbn0.gstatic.com/images?q=tbn:ANd9GcTKUG-LvDh-6U2YqtR9apmeANeUXUucjIeXgw&s,USA,Oregon
Wolf Haven International,https://shop.wolfhaven.org/cdn/shop/files/Wolf_Haven_Black_Logo.png?v=1700524399&width=600,USA,Washington
Wildlife Alliance,https://upload.wikimedia.org/wikipedia/en/6/66/The_logo_of_the_Wildlife_Alliance.jpg,USA,N/A
Animal Park,https://r2.erweima.ai/imgcompressed/compressed_96a93416828c1f15a0285e02321f82d0.webp,USA,N/A
Oklahoma City Zoo,https://upload.wikimedia.org/wikipedia/en/9/9f/Oklahoma_City_Zoo_logo.png,USA,Oklahoma
Hattiesburg Zoo,https://i.pinimg.com/originals/31/0c/3b/310c3bb5f814ee86067ea18219a028a3.jpg,USA,Mississippi
The Lemur Conservation Foundation,https://encrypted-tbn0.gstatic.com/images?q=tbn:ANd9GcTQ42dWvIb9RdYuO0grCJEz32OfrWL3uE--gg&s,USA,Florida
Turtle Island Restoration Network,https://encrypted-tbn0.gstatic.com/images?q=tbn:ANd9GcSk4xCR_66Hag_D0jltmhTQPmJnQfnFSGltpQ&s,USA,N/A
The Marine Mammal Center,https://upload.wikimedia.org/wikipedia/en/0/06/The_Marine_Mammal_Center_logo.png,USA,California
Sierra Wildlife Rescue,https://encrypted-tbn0.gstatic.com/images?q=tbn:ANd9GcTaUgNQxpjH8TOqw4sME4h0tgaZX2ID_h-3Wg&s,USA,California
Animals Asia,https://encrypted-tbn0.gstatic.com/images?q=tbn:ANd9GcTT_dLiSTRS6-6L2WZpIiyiHQk6pv2rHllPCA&s,China/Hong Kong,N/A
Wildlife SOS,https://upload.wikimedia.org/wikipedia/en/4/44/Wildlife_SOS_Logo.jpg,India,Maharashtra
Four Paws,https://encrypted-tbn0.gstatic.com/images?q=tbn:ANd9GcQJDY9Vs5JYH88nXOg_q-h21o-kBETzXgD3sQ&s,Austria,N/A
Wildlife Haven Rehabilitation Centre,https://encrypted-tbn0.gstatic.com/images?q=tbn:ANd9GcQoZTlcex-2sWAwxDdMch-baiAvUhzDW_rzow&s,Canada,Manitoba
International Animal Rescue,https://encrypted-tbn0.gstatic.com/images?q=tbn:ANd9GcT7TbM5INBTrIcK4X6WOk_ypPngBWc3Npnwgw&s,Various,Various
Serengeti National Park,https://encrypted-tbn0.gstatic.com/images?q=tbn:ANd9GcTrLQBLFxLiGIngxVVE9qQXNrj2ogL8xZrIUA&s,Tanzania,"Mara, Simiyu, Arusha, Manyara"
The David Sheldrick Wildlife Trust,https://upload.wikimedia.org/wikipedia/en/5/5c/Sheldrick_Wildlife_Trust_logo.jpg,Kenya,Nairobi
Amboseli Trust for Elephants,https://encrypted-tbn0.gstatic.com/images?q=tbn:ANd9GcSBbFC1PYWYPBu2hKN3Fn03kdaeqQbJAou-cQ&s,Kenya,Kajiado County
African Wildlife Foundation,https://www.awf.org/sites/default/files/media/news/2017-31_White_Logo-On%20Orange_w56pixplacement.png,Various,Various
Born Free Foundation,https://encrypted-tbn0.gstatic.com/images?q=tbn:ANd9GcQWdfWOTxzGtalXJtjnZspqURp0NlyJzoG0xA&s,UK,N/A
The Brooke Hospital for Animals,https://encrypted-tbn0.gstatic.com/images?q=tbn:ANd9GcSJQ6_Htz1ToyN5w1pcWrmO46wQObkql-daIg&s,UK,N/A
Elephant Nature Park,https://www.elephantnaturepark.org/wp-content/uploads/2016/08/LogoNewShape-e1388052997541.png,Thailand,Chiang Mai
Dolphin Project,https://i.ebayimg.com/00/s/NDAwWDQwMA==/z/FTcAAOSw--dnMkpo/$_1.JPG?set_id=8800005007,USA,California
The International Rhino Foundation,https://upload.wikimedia.org/wikipedia/en/thumb/7/73/International_Rhino_Foundation_logo.svg/1200px-International_Rhino_Foundation_logo.svg.png,USA,N/A
Wildlife Rescue Center,https://encrypted-tbn0.gstatic.com/images?q=tbn:ANd9GcTt98bKpKvK7IL-vs25H1Vewd3NHsY5kj4t3A&s,USA,N/A
Born Free USA,https://encrypted-tbn0.gstatic.com/images?q=tbn:ANd9GcQMfg_pjkCuwtbvTqlNQFialPpOETSyak0QaA&s,USA,N/A
The Wild Life Sanctuary,https://play-lh.googleusercontent.com/OCfCQkn5TXaIifCKZXMeQDeCFTrFkiFHEF3DdM-jUdnaC6LL4wMAZBPUIHkNoLC_9CI,USA,N/A
Hope for Paws,https://encrypted-tbn0.gstatic.com/images?q=tbn:ANd9GcT_Q4vP7jEPyMcVSgjohM6SeI39-gJosjeGJg&s,USA,California
Pandas International,https://encrypted-tbn0.gstatic.com/images?q=tbn:ANd9GcRKzTXM2TaI-kpOAqhAkJ141Ls1NGp6YlePVA&s,USA,N/A
The Jane Goodall Institute,https://encrypted-tbn0.gstatic.com/images?q=tbn:ANd9GcRCQxjqVRby6r-br51n6gIwBe-ZrYbgVpj5uA&s,USA,N/A
Gorilla Doctors,https://encrypted-tbn0.gstatic.com/images?q=tbn:ANd9GcSu9mwekruUdVotkmwUVah7SO1SZVh-Zrc4IQ&s,USA,N/A
Wildlife Conservation Society,https://legacylandscapes.org/wp-content/uploads/2021/04/wildlife-conservation-society.png,USA,N/A
Friends of Animals,https://www.fotas.org/wp-content/uploads/2024/04/Fotas-Logo-2023-Vert-Color-340x340-1.png,USA,N/A
The Fund for Animals,https://media.licdn.com/dms/image/v2/C4E0BAQHkl--6oeoLfQ/company-logo_200_200/company-logo_200_200/0/1630593307091?e=2147483647&v=beta&t=ANA4-XQQjUz3o05vfCb5T8cjq6bn4HHYnD2VssKEw0A,USA,N/A
The Humane Society of the United States,https://encrypted-tbn0.gstatic.com/images?q=tbn:ANd9GcTrK49lOHIjrx41SzZ7z8EZvsUvnyjKDcCorQ&s,USA,N/A
Wildlife Warriors,https://media.licdn.com/dms/image/v2/D560BAQGtwmApp5IBYQ/company-logo_200_200/company-logo_200_200/0/1710384074147/australia_zoo_wildlife_warriors_logo?e=2147483647&v=beta&t=XcrPv9XMrHyZGiEawEQ463foucb_YXFO2wGGBiOXrEk,Australia,N/A
The Orangutan Project,https://encrypted-tbn0.gstatic.com/images?q=tbn:ANd9GcRTE5qvnEo37ClDJ6J0vOIk2S6Wx_14ttGnzg&s,Various,N/A
The World Wildlife Fund,https://files.worldwildlife.org/wwfcmsprod/images/WWF_logo/cropped/676jyupk1x_WWF_25mm_no_tab.png,Various,N/A
The Whale Sanctuary Project,https://i.ebayimg.com/00/s/NjY4WDk2NA==/z/h0gAAOSwJ9FnMkQN/$_1.JPG?set_id=8800005007,USA,N/A
Yellowstone National Park,https://i.fbcd.co/products/original/usnp202204-6fe37db6e9786e3584c74ae6cdac006ffde7ed50787ae97323beae24ee4d6ac4.jpg,USA,"Wyoming, Montana, Idaho"
Galápagos National Park,https://encrypted-tbn0.gstatic.com/images?q=tbn:ANd9GcQwCrYhNOjOwmy5FRRzxnB5eqywMKXYoAeAdQ&s,Ecuador,Galápagos Islands
Maasai Mara National Reserve,"https://ih1.redbubble.net/image.4438018520.9858/raf,360x360,075,t,fafafa:ca443f4786.jpg",Kenya,Narok County
Chitwan National Park,https://i0.wp.com/www.chitwanjungleguides.com/wp-content/uploads/2019/02/Chitwan-National-Park-logo-min.png?fit=200%2C200&ssl=1,Nepal,Province No. 2
Banff National Park,https://i.pinimg.com/originals/b9/90/ea/b990eac79ae2b3b96eb5aa862dcc9475.jpg,Canada,Alberta
Corcovado National Park,"https://ih1.redbubble.net/image.831521891.8168/st,small,507x507-pad,600x600,f8f8f8.jpg",Costa Rica,Puntarenas
Yala National Park,https://flawlessjourneys.co.uk/wp-content/uploads/2023/10/Safari-in-Sri-Lanka-at-yala-national-park.jpg,Sri Lanka,Southern Province
Everglades National Park,https://i.fbcd.co/products/original/usnp202246-08711b014998df8c55e54db1e71be21ef027e05552106449ec8a39c87fd73fc8.jpg,USA,Florida
Kakadu National Park,https://play-lh.googleusercontent.com/Xlwwig4alCmMsH_rXHhXt1L7NccWT_yCdfvZOY80k5T1HahIwuaAWzERWV2Gd7IQ2w,Australia,Northern Territory
Madikwe Game Reserve,https://www.experiencemadikwe.com/files/stacks-image-e9c91b7.jpg,South Africa,North West Province
Bwindi Impenetrable National Park,https://www.bwindiforestnationalparkuganda.com/wp-content/uploads/2022/10/bwindilogo.png,Uganda,Western Region
Manu National Park,https://wildwatchperu.com/wp-content/uploads/2023/03/wwp-logo-transparente_pequeno.png,Peru,Madre de Dios
Snowdonia National Park,https://encrypted-tbn0.gstatic.com/images?q=tbn:ANd9GcRoLYW757vF-mIo32n4tyODMos6dSqUWiSlzw&s,United Kingdom,Wales
Tiritiri Matangi Open Sanctuary,https://encrypted-tbn0.gstatic.com/images?q=tbn:ANd9GcTlauqpeYJFrAYApH8m8xTk4_UkWcmYNCOrJA&s,New Zealand,Auckland Region
Kidepo Valley National Park,https://encrypted-tbn0.gstatic.com/images?q=tbn:ANd9GcSUHSVbMEG77KovQ8R1ONT1iVv6ykqPD2XWWQ&s,Uganda,Northern Region
Taman Negara National Park,https://encrypted-tbn0.gstatic.com/images?q=tbn:ANd9GcRzcN4lAf4QBPXdtucxDF2712BszTBWsAi10g&s,Malaysia,Pahang
Chobe National Park,https://cdn.travmedia.com/gallery/615706/615706_num1205477_585x585.jpg,Botswana,North-West District
Amboseli National Park,"https://ih1.redbubble.net/image.5003563026.1646/bg,f8f8f8-flat,750x,075,f-pad,750x1000,f8f8f8.jpg",Kenya,Kajiado County
Arenal Volcano National Park,"https://ih1.redbubble.net/image.4931757679.7784/flat,750x,075,f-pad,750x1000,f8f8f8.jpg",Costa Rica,Alajuela
Simien Mountains National Park,https://encrypted-tbn0.gstatic.com/images?q=tbn:ANd9GcS3FpC79arE5CMQGEQ9sHiURaOZoaggS566bg&s,Ethiopia,Amhara Region
Lahemaa National Park,https://1.bp.blogspot.com/-PBa5gTVftFA/X0nfrcZQbzI/AAAAAAAAdN8/PD0bWw74Nqkt0mtkyZxbjQbZeqTqnHbNwCLcBGAsYHQ/s1600/IMGP8508_970w.jpg,Estonia,Harju County
Plitvice Lakes National Park,https://media.licdn.com/dms/image/v2/C4D0BAQFX3bsiYTIIpQ/company-logo_200_200/company-logo_200_200/0/1631312858590?e=2147483647&v=beta&t=HdlcSTkZnvhy8YBsML4MCXdg4cp_56q3um4onT0ahuU,Croatia,Karlovac County
Aigüestortes i Estany de Sant Maurici National Park,https://travelzonaart.com/cdn/shop/products/il_fullxfull.5040915614_s3ru.jpg?v=1687929494&width=3000,Spain,Catalonia
Torres del Paine National Park,"https://ih1.redbubble.net/image.4786719206.3749/bg,f8f8f8-flat,750x,075,f-pad,750x1000,f8f8f8.jpg",Chile,Magallanes Region
Tierra del Fuego National Park,https://argentinien.de/wp-content/uploads/sites/24/2017/09/Argentinien_Patagonien_2010_JE_257_PANA_1070692-968x628.jpg,Argentina,Tierra del Fuego Province
Canaima National Park,"https://ih1.redbubble.net/image.1693271427.1833/st,small,507x507-pad,600x600,f8f8f8.jpg",Venezuela,Bolívar State
Borneo Rainforest,https://pbs.twimg.com/profile_images/1003567647068340225/PyBIATB3_400x400.jpg,Malaysia/Indonesia,Sabah (Malaysia) / Kalimantan (Indonesia)
Kgalagadi Transfrontier Park,https://encrypted-tbn0.gstatic.com/images?q=tbn:ANd9GcTyH8krs60InD4UPo6-vfREZLf4h2xYw8ixcg&s,Botswana/South Africa,Northern Cape
Rocky Mountain National Park,https://www.nps.gov/romo/learn/news/images/Centennial-Logo_4CP-2-cropped_3.jpg,USA,Colorado
Grand Teton National Park,https://encrypted-tbn0.gstatic.com/images?q=tbn:ANd9GcQHn8xwwjwlonceIvj7cIQ2X0X7UgAmZSPMNA&s,USA,Wyoming
Olympic National Park,https://encrypted-tbn0.gstatic.com/images?q=tbn:ANd9GcTMhkZZfD-8qQ4FP6yCNvbJpsvgF2mJlR0xvg&s,USA,Washington
Denali National Park,https://encrypted-tbn0.gstatic.com/images?q=tbn:ANd9GcTn7qoAu0pcUzhUgdcH0cNkWAc_aJlSHWJVrQ&s,USA,Alaska
Chernobyl Exclusion Zone,https://st2.depositphotos.com/4181801/10459/i/950/depositphotos_104593240-stock-photo-ukraine-chernobyl-exclusion-zone-2016.jpg,Ukraine,Kyiv Oblast
Danum Valley Conservation Area,https://encrypted-tbn0.gstatic.com/images?q=tbn:ANd9GcRfLB1xri3SEFiMQza6lfL7k-ZGcDXnwV_VLg&s,Malaysia,Sabah
Lantau Island Country Park,https://hkfiles.wordpress.com/wp-content/uploads/2014/01/img_1647.jpg?w=650,Hong Kong,Lantau Island
Oulanka National Park,"https://scandinavianoutdoor.imgix.net/dynamic/productimages/sizes/full/b0290803-d79c-43aa-aff1-f0b322ea9f8f.jpeg?w=1090&h=595&auto=compress,format&trim=auto&trim-sd=1",Finland,Northern Ostrobothnia
Los Glaciares National Park,"https://ih1.redbubble.net/image.5144604772.6737/bg,f8f8f8-flat,750x,075,f-pad,750x1000,f8f8f8.jpg",Argentina,Santa Cruz Province
Cayo Santiago (Monkey Island),https://upload.wikimedia.org/wikipedia/commons/thumb/2/2c/Cayo_Santiago-chart.png/328px-Cayo_Santiago-chart.png,Puerto Rico,Caribbean
Connemara National Park,"https://ih1.redbubble.net/image.4089510174.2831/raf,360x360,075,t,fafafa:ca443f4786.jpg",Ireland,Galway
Killarney National Park,https://encrypted-tbn0.gstatic.com/images?q=tbn:ANd9GcRyKoLJlmFumrPHshutNuYLSF3BKMMDlBLJYQ&s,Ireland,Kerry
Glenveagh National Park,"https://ih1.redbubble.net/image.4964876183.9629/st,small,507x507-pad,600x600,f8f8f8.jpg",Ireland,Donegal
Ecrins National Park,"https://ih1.redbubble.net/image.2672085852.7730/raf,360x360,075,t,fafafa:ca443f4786.jpg",France,Auvergne-Rhône-Alpes
Mercantour National Park,"https://ih1.redbubble.net/image.2672143400.9238/flat,750x,075,f-pad,750x1000,f8f8f8.jpg",France,Provence-Alpes-Côte d'Azur
Sarek National Park,https://w7.pngwing.com/pngs/960/679/png-transparent-kosterhavet-national-park-sarek-national-park-farnebofjarden-national-park-padjelanta-national-park-pieljekaise-national-park-park-label-photography-logo.png,Sweden,Lapland
Vatnajökull National Park,"https://images.prismic.io/vatnajokulsthjodgardur/ca690189-a2be-4193-8d29-051501ce73ea_Vatnaj%C3%B6kuls%C3%BEj%C3%B3%C3%B0gar%C3%B0ur_logo_web.png?auto=compress,format",Iceland,Northeast Region